Jim Beam White 4YO 1L,Bourbon,1
Jim Beam Black Tin 8YO 1L,Bourbon,1
JIM BEAM HONEY 1L,Bourbon,1
JACK DANIELS 1L,Bourbon,1
JACK DANIELS HONEY 1L,Bourbon,1
JACK DANIELS 1.136L,Bourbon,1.136
WILD TURKEY 101 1L,Bourbon,1
GENTLEMAN JACK 1L,Bourbon,1
JACK DANIELS SINGLE BARREL 75CL,Bourbon,0.75
BACARDI SUPERIOR 1L,Rum,1
BACARDI GOLD 1L,Rum,1
BACARDI MOJITO RTS 1L,Rum,1
BACARDI RTS DAQUIRI 1.0L,Rum,1
BACARDI BLACK 1.0L,Rum,1
BACARDI READY TO SERVE PINA COLADA 1L,Rum,1
BACARDI OAKHEART 1.0L,Rum,1
GORDONS GIN 1L,Gin,1
BEEFEATER 1.0L,Gin,1
TANQUERAY GIN 1L,Gin,1
BOMBAY SAPPHIRE 1L,Gin,1
TANQUERAY NO. 10 1.0L,Gin,1
HENDRICKS GIN 1L,Gin,1
CHIVAS 12YO 20 CL,Scotch,0.2
J & B RARE 1.0L,Scotch,1
TEACHERS SCOTCH WHISKY 1L,Scotch,1
GRANTS F RESERVE 1L,Scotch,1
GRANTS DISTILLERY EDITION 1L,Scotch,1
DEWARS WHITE LABEL 1L,Scotch,1
BALLANTINE FINEST 1L,Scotch,1
JOHNNIE WALKER RED 1.125L,Scotch,1.125
JOHNNIE WALKER BLACK 1.0L,Scotch,1
DEWARS 12 YO RESERVE 1.0L,Scotch,1
JOHNNIE WALKER BLACK 1.125L,Scotch,1.125
JOHNNIE WALKER EXPLORERS CLUB SPICE 1L,Scotch,1
CHIVAS REGAL 12YO 1L,Scotch,1
JOHNNIE WALKER DOUBLE BLACK 1L,Scotch,1
CHIVAS REGAL 12YO 1.14L,Scotch,1.14
CHIVAS BRO BLEND 12YO 1L,Scotch,1
JOHNNIE WALKER GOLD RESERVE 1L,Scotch,1
BALLANTINE 17YO 70CL,Scotch,0.7
JOHNNIE WALKER EXPLORERS CLUB GOLD 1L,Scotch,1
JOHNNIE WALKER XR 21YO 75CL,Scotch,0.75
JOHNNIE WALKER PLATINUM 18YO 1.0L,Scotch,1
JOHNNIE WALKER PLATINUM 18YO 1.0L,Scotch,1
CHIVAS REGAL 18YO 1L,Scotch,1
BALLANTINE 21YO 1L,Scotch,1
JOHNNIE WALKER EXPLORERS CLUB ROYAL ROUTE 1L,Scotch,1
ROYAL SALUTE 21YO 1L,Scotch,1
JOHNNIE WALKER BLUE 1.0L,Scotch,1
SAUZA EXTRA GOLD 1L,Tequila,1
JOSE CUERVO GOLD 1L,Tequila,1
SAUZA GOLD TEQILA MIX 1L,Tequila,1
PATRON XO CAFE 75CL,Tequila,0.75
PATRON XO DARK COCOA 75CL,Tequila,0.75
SMIRNOFF RED 80PRF 1L,Vodka,1
SMIRNOFF BLUE 100PRF 1.0L,Vodka,1
RUSSIAN STANDARD ORIGINAL 1.0L,Vodka,1
ABSOLUT BLUE 80PRF 1L,Vodka,1
ABSOLUT APEACH 1L,Vodka,1
ABSOLUT RASPBERRI 1.0L,Vodka,1
ABSOLUT VANILLA 1.0L,Vodka,1
ABSOLUT MANDRIN 1.0L,Vodka,1
ABSOLUT CITRON 1.0L,Vodka,1
ABSOLUT ORIGINALITY 1L,Vodka,1
BELVEDERE VODKA 1L,Vodka,1
GREY GOOSE VODKA 1L,Vodka,1
BELVEDERE LEMON TEA 1.0L,Vodka,1
CHATELLE NAPOLEAN 1.0L,Brandy,1
ST. REMY AUTHENTIC VSOP 1.14L,Brandy,1.14
HENNESSY VS 1.0L,Cognac,1
LOUIS ROYER VSOP 1L,Cognac,1
COURVOISIER VSOP 1L,Cognac,1
REMY MARTIN VSOP 1L,Cognac,1
CAMUS VSOP ELEGANCE 1L,Cognac,1
HENNESSY VSOP 1L,Cognac,1
MARTELL VSOP 1L,Cognac,1
REMY MARTIN COUPE SHANGHAI 70CL,Cognac,0.7
MARTELL XO 0.75L,Cognac,0.75
MARTELL CORDON BLUE 1.0L,Cognac,1
REMY XO EXCELLENCE 1.0L,Cognac,1
HENNESSY XO 1L,Cognac,1
HENNESSY XO EC7 70CL,Cognac,0.7
MARTELL CHANTELOUP 70CL,Cognac,0.7
REMY MARTIN VSOP CANNES 2013 1.0L,Cognac,1
REMY LOUIS XIII 70CL,Cognac,0.7
MONKEY SHOULDER TRIPLE 1L,Single Malt,1
GLENLIVET 12YO MALT 1L,Single Malt,1
GLENFIDDICH SELECT CASK 1L,Single Malt,1
GLENMORANGIE QUINTA RUBAN,Single Malt,1
DALMORE 12 YO 1L,Single Malt,1
GLENLIVET 15YO 1L,Single Malt,1
MACALLAN SELECT OAK 1L,Single Malt,1
GLENFIDDICH RESERVE CASK 1L,Single Malt,1
BALVENIE 12YO TRIPLE CASK 1L,Single Malt,1
GLENFIDDICH 18YO ANCIENT RSV 1L,Single Malt,1
DALMORE VALOUR 1L,Single Malt,1
BALVENIE 16YO TRIPLE CASK 70CL,Single Malt,0.7
CHOYA EXTRA YEARS 0.7L,Liqueur,0.7
MALIBU 1.0L,Liqueur,1
BAILEYS CARAMEL 1.0L,Liqueur,1
BAILEYS IRISH CREAM 1L,Liqueur,1
BAILEYS COFFEE 1.0L,Liqueur,1
AMARULA CREAM 1.0L,Liqueur,1
CAMPARI BITTER 1L,Liqueur,1
KAHLUA 1.0L,Liqueur,1
SHERIDANS DOUBLE LIQ 1,Liqueur,1
CHOYA ROYAL HONEY UMESHU 0.7L,Liqueur,0.7
BENEDICTINE 1L,Liqueur,1
BENEDICTINE DOM CNY 2014 1L,Liqueur,1
CANADIAN CLUB CLASSI 12YO, 1L,Other Whiskey,1
JAMESON IRISH 1L,Other Whiskey,1
CANADIAN CLUB 6YO 1.0L,Other Whiskey,1
